{"cameraMode":{"drawMode":0,"name":"Shaded","section":"Shading Mode"},"sceneLighting":false,"audioPlay":false,"sceneViewState":{"showFog":true,"showMaterialUpdate":false,"showSkybox":false,"showFlares":true,"showImageEffects":true,"showParticleSystems":true},"in2DMode":false,"pivot":{"x":2000.699951171875,"y":1101.1064453125,"z":-177.11557006835938},"rotation":{"x":0.04229646921157837,"y":-0.007496432866901159,"z":0.00031402034801431,"w":0.9990867376327515},"size":7.801551818847656,"orthographic":false}