{"cameraMode":{"drawMode":0,"name":"Shaded","section":"Shading Mode"},"sceneLighting":false,"audioPlay":false,"sceneViewState":{"showFog":true,"showMaterialUpdate":false,"showSkybox":false,"showFlares":true,"showImageEffects":true,"showParticleSystems":true},"in2DMode":false,"pivot":{"x":6513.39990234375,"y":1715.7049560546875,"z":797.22998046875},"rotation":{"x":-0.03751014173030853,"y":0.6567625403404236,"z":-0.03274082392454147,"w":-0.7524570226669312},"size":727.070556640625,"orthographic":false}