{"cameraMode":{"drawMode":0,"name":"Shaded","section":"Shading Mode"},"sceneLighting":false,"audioPlay":false,"sceneViewState":{"showFog":true,"showMaterialUpdate":false,"showSkybox":false,"showFlares":true,"showImageEffects":true,"showParticleSystems":true},"in2DMode":false,"pivot":{"x":7535.39990234375,"y":1764.578369140625,"z":1802.199951171875},"rotation":{"x":-0.03751014173030853,"y":0.6567625403404236,"z":-0.03274082392454147,"w":-0.7524570226669312},"size":734.1694946289063,"orthographic":false}