{"cameraMode":{"drawMode":0,"name":"Shaded","section":"Shading Mode"},"sceneLighting":true,"audioPlay":false,"sceneViewState":{"showFog":true,"showMaterialUpdate":false,"showSkybox":true,"showFlares":true,"showImageEffects":true,"showParticleSystems":true},"in2DMode":false,"pivot":{"x":-0.17824554443359376,"y":2.4160754680633547,"z":8.10000228881836},"rotation":{"x":-0.021072039380669595,"y":-0.968671977519989,"z":0.2312164306640625,"w":-0.08828959614038468},"size":12.100001335144043,"orthographic":false}