{"cameraMode":{"drawMode":0,"name":"Shaded","section":"Shading Mode"},"sceneLighting":false,"audioPlay":false,"sceneViewState":{"showFog":true,"showMaterialUpdate":false,"showSkybox":false,"showFlares":true,"showImageEffects":true,"showParticleSystems":true},"in2DMode":false,"pivot":{"x":2.384185791015625e-7,"y":2.194204807281494,"z":-0.006123185157775879},"rotation":{"x":-0.021072039380669595,"y":-0.968671977519989,"z":0.2312164306640625,"w":-0.08828959614038468},"size":3.406505584716797,"orthographic":false}