{"cameraMode":{"drawMode":0,"name":"Shaded","section":"Shading Mode"},"sceneLighting":true,"audioPlay":false,"sceneViewState":{"showFog":true,"showMaterialUpdate":false,"showSkybox":true,"showFlares":true,"showImageEffects":true,"showParticleSystems":true},"in2DMode":false,"pivot":{"x":389.4595642089844,"y":-6.940927505493164,"z":47.7684440612793},"rotation":{"x":0.0005123803275637329,"y":0.9935125112533569,"z":-0.11406553536653519,"w":0.004454107955098152},"size":19.716373443603517,"orthographic":false}