{"cameraMode":{"drawMode":0,"name":"Shaded","section":"Shading Mode"},"sceneLighting":false,"audioPlay":false,"sceneViewState":{"showFog":true,"showMaterialUpdate":false,"showSkybox":false,"showFlares":true,"showImageEffects":true,"showParticleSystems":true},"in2DMode":false,"pivot":{"x":-0.2942385673522949,"y":0.6664904356002808,"z":-0.3058704435825348},"rotation":{"x":-0.021072039380669595,"y":-0.968671977519989,"z":0.2312164306640625,"w":-0.08828959614038468},"size":2.963876962661743,"orthographic":false}